val A;val B
val A;val B
val A;val B
val A;val B
val A;val B
val A;val B
val A;val B
val A;val B
val A;val B
val A;val B
val A;val B
val A;val B
val A;val B
val A;val B
val A;val B
val A;val B
val A;val B
val A;val B
val A;val B
val A;val B
val A;val B
val A;val B
val A;val B
val A;val B
val A;val B
val A;val B
val A;val B
val A;val B
val A;val B
val A;val B
val A;val B
val A;val B
val A;val B
val A;val B
val A;val B
val A;val B
val A;val B
val A;val B
val A;val B
val A;val B
val A;val B
val A;val B
val A;val B
val A;val B
val A;val B
val A;val B
val A;val B
val A;val B
val A;val B
val A;val B
val A;val B
val A;val B
val A;val B
val A;val B
val A;val B
val A;val B
val A;val B
val A;val B
val A;val B
val A;val B
val A;val B
val A;val B
val A;val B
val A;val B
val A;val B
val A;val B
val A;val B
val A;val B
val A;val B
val A;val B
val A;val B
val A;val B
val A;val B
val A;val B
val A;val B
val A;val B
val A;val B
val A;val B
val A;val B
val A;val B
val A;val B
val A;val B
val A;val B
val A;val B
val A;val B
val A;val B
val A;val B
val A;val B
val A;val B
val A;val B
val A;val B
val A;val B
val A;val B
val A;val B
val A;val B
val A;val B
val A;val B
val A;val B
val A;val B
val A;val B
val A;val B
val A;val B
val A;val B
val A;val B
val A;val B
val A;val B
val A;val B
val A;val B
val A;val B
val A;val B
val A;val B
val A;val B
val A;val B
val A;val B
val A;val B
val A;val B
val A;val B
val A;val B
val A;val B
val A;val B
val A;val B
val A;val B
val A;val B
val A;val B
val A;val B
val A;val B
val A;val B
val A;val B
val A;val B
val A;val B
val A;val B
val A;val B
val A;val B
val A;val B
val A;val B
val A;val B
val A;val B
val A;val B
val A;val B
val A;val B
val A;val B
val A;val B
val A;val B
val A;val B
val A;val B
val A;val B
val A;val B
val A;val B
val A;val B
val A;val B
val A;val B
val A;val B
val A;val B
val A;val B
val A;val B
val A;val B
val A;val B
val A;val B
val A;val B
val A;val B
val A;val B
val A;val B
val A;val B
val A;val B
val A;val B
val A;val B
val A;val B
val A;val B
val A;val B
val A;val B
val A;val B
val A;val B
val A;val B
val A;val B
val A;val B
val A;val B
val A;val B
val A;val B
val A;val B
val A;val B
val A;val B
val A;val B
val A;val B
val A;val B
val A;val B
val A;val B
val A;val B
val A;val B
val A;val B
val A;val B
val A;val B
val A;val B
val A;val B
val A;val B
val A;val B
val A;val B
val A;val B
val A;val B
val A;val B
val A;val B
val A;val B
val A;val B
val A;val B
val A;val B
val A;val B
val A;val B
val A;val B
val A;val B
val A;val B
val A;val B
val A;val B
val A;val B
val A;val B
val A;val B
val A;val B
val A;val B
val A;val B
val A;val B
val A;val B
val A;val B
val A;val B
val A;val B
val A;val B
val A;val B
val A;val B
val A;val B
val A;val B
val A;val B
val A;val B
val A;val B
val A;val B
val A;val B
val A;val B
val A;val B
val A;val B
val A;val B
val A;val B
val A;val B
val A;val B
val A;val B
val A;val B
val A;val B
val A;val B
val A;val B
val A;val B
val A;val B
val A;val B
val A;val B
val A;val B
val A;val B
val A;val B
val A;val B
val A;val B
val A;val B
val A;val B
val A;val B
val A;val B
val A;val B
val A;val B
val A;val B
val A;val B
val A;val B
val A;val B
val A;val B
val A;val B
val A;val B
val A;val B
val A;val B
val A;val B
val A;val B
val A;val B
val A;val B
val A;val B
val A;val B
val A;val B
val A;val B
val A;val B
val A;val B
val A;val B
val A;val B
val A;val B
val A;val B
val A;val B
val A;val B
val A;val B
val A;val B
val A;val B
val A;val B
val A;val B
val A;val B
val A;val B
val A;val B
val A;val B
val A;val B
val A;val B
val A;val B
val A;val B
val A;val B
val A;val B
val A;val B
val A;val B
val A;val B
val A;val B
val A;val B
val A;val B
val A;val B
val A;val B
val A;val B
val A;val B
val A;val B
val A;val B
val A;val B
val A;val B
val A;val B
val A;val B
val A;val B
val A;val B
val A;val B
val A;val B
val A;val B
val A;val B
val A;val B
val A;val B
val A;val B
val A;val B
val A;val B
val A;val B
val A;val B
val A;val B
val A;val B
val A;val B
val A;val B
val A;val B
val A;val B
val A;val B
val A;val B
val A;val B
val A;val B
val A;val B
val A;val B
val A;val B
val A;val B
val A;val B
val A;val B
val A;val B
val A;val B
val A;val B
val A;val B
val A;val B
val A;val B
val A;val B
val A;val B
val A;val B
val A;val B
val A;val B
val A;val B
val A;val B
val A;val B
val A;val B
val A;val B
val A;val B
val A;val B
val A;val B
val A;val B
val A;val B
val A;val B
val A;val B
val A;val B
val A;val B
val A;val B
val A;val B
val A;val B
val A;val B
val A;val B
val A;val B
val A;val B
val A;val B
val A;val B
val A;val B
val A;val B
val A;val B
val A;val B
val A;val B
val A;val B
val A;val B
val A;val B
val A;val B
val A;val B
val A;val B
val A;val B
val A;val B
val A;val B
val A;val B
val A;val B
val A;val B
val A;val B
val A;val B
val A;val B
val A;val B
val A;val B
val A;val B
val A;val B
val A;val B
val A;val B
val A;val B
val A;val B
val A;val B
val A;val B
val A;val B
val A;val B
val A;val B
val A;val B
val A;val B
val A;val B
val A;val B
val A;val B
val A;val B
val A;val B
val A;val B
val A;val B
val A;val B
val A;val B
val A;val B
val A;val B
val A;val B
val A;val B
val A;val B
val A;val B
val A;val B
val A;val B
val A;val B
val A;val B
val A;val B
val A;val B
val A;val B
val A;val B
val A;val B
val A;val B
val A;val B
val A;val B
val A;val B
val A;val B
val A;val B
val A;val B
val A;val B
val A;val B
val A;val B
val A;val B
val A;val B
val A;val B
val A;val B
val A;val B
val A;val B
val A;val B
val A;val B
val A;val B
val A;val B
val A;val B
val A;val B
val A;val B
val A;val B
val A;val B
val A;val B
val A;val B
val A;val B
val A;val B
val A;val B
val A;val B
val A;val B
val A;val B
val A;val B
val A;val B
val A;val B
val A;val B
val A;val B
val A;val B
val A;val B
val A;val B
val A;val B
val A;val B
val A;val B
val A;val B
val A;val B
val A;val B
val A;val B
val A;val B
val A;val B
val A;val B
val A;val B
val A;val B
val A;val B
val A;val B
val A;val B
val A;val B
val A;val B
val A;val B
val A;val B
val A;val B
val A;val B
val A;val B
val A;val B
val A;val B
val A;val B
val A;val B
val A;val B
val A;val B
val A;val B
val A;val B
val A;val B
val A;val B
val A;val B
val A;val B
val A;val B
val A;val B
val A;val B
val A;val B
val A;val B
val A;val B
val A;val B
val A;val B
val A;val B
val A;val B
val A;val B
val A;val B
val A;val B
val A;val B
val A;val B
val A;val B
val A;val B
val A;val B
val A;val B
val A;val B
val A;val B
val A;val B
val A;val B
val A;val B
val A;val B
val A;val B
val A;val B
val A;val B
val A;val B
val A;val B
val A;val B
val A;val B
val A;val B
val A;val B
val A;val B
val A;val B
val A;val B
val A;val B
val A;val B
val A;val B
val A;val B
val A;val B
val A;val B
val A;val B
val A;val B
val A;val B
val A;val B
val A;val B
val A;val B
val A;val B
val A;val B
val A;val B
val A;val B
val A;val B
val A;val B
val A;val B
val A;val B
val A;val B
val A;val B
val A;val B
val A;val B
val A;val B
val A;val B
val A;val B
val A;val B
val A;val B
val A;val B
val A;val B
val A;val B
val A;val B
val A;val B
val A;val B
val A;val B
val A;val B
val A;val B
val A;val B
val A;val B
val A;val B
val A;val B
val A;val B
val A;val B
val A;val B
val A;val B
val A;val B
val A;val B
val A;val B
val A;val B
val A;val B
val A;val B
val A;val B
val A;val B
val A;val B
val A;val B
val A;val B
val A;val B
val A;val B
val A;val B
val A;val B
val A;val B
val A;val B
val A;val B
val A;val B
val A;val B
val A;val B
val A;val B
val A;val B
val A;val B
val A;val B
val A;val B
val A;val B
val A;val B
val A;val B
val A;val B
val A;val B
val A;val B
val A;val B
val A;val B
val A;val B
val A;val B
val A;val B
val A;val B
val A;val B
val A;val B
val A;val B
val A;val B
val A;val B
val A;val B
val A;val B
val A;val B
val A;val B
val A;val B
val A;val B
val A;val B
val A;val B
val A;val B
val A;val B
val A;val B
val A;val B
val A;val B
val A;val B
val A;val B
val A;val B
val A;val B
val A;val B
val A;val B
val A;val B
val A;val B
val A;val B
val A;val B
val A;val B
val A;val B
val A;val B
val A;val B
val A;val B
val A;val B
val A;val B
val A;val B
val A;val B
val A;val B
val A;val B
val A;val B
val A;val B
val A;val B
val A;val B
val A;val B
val A;val B
val A;val B
val A;val B
val A;val B
val A;val B
val A;val B
val A;val B
val A;val B
val A;val B
val A;val B
val A;val B
val A;val B
val A;val B
val A;val B
val A;val B
val A;val B
val A;val B
val A;val B
val A;val B
val A;val B
val A;val B
val A;val B
val A;val B
val A;val B
val A;val B
val A;val B
val A;val B
val A;val B
val A;val B
val A;val B
val A;val B
val A;val B
val A;val B
val A;val B
val A;val B
val A;val B
val A;val B
val A;val B
val A;val B
val A;val B
val A;val B
val A;val B
val A;val B
val A;val B
val A;val B
val A;val B
val A;val B
val A;val B
val A;val B
val A;val B
val A;val B
val A;val B
val A;val B
val A;val B
val A;val B
val A;val B
val A;val B
val A;val B
val A;val B
val A;val B
val A;val B
val A;val B
val A;val B
val A;val B
val A;val B
val A;val B
val A;val B
val A;val B
val A;val B
val A;val B
val A;val B
val A;val B
val A;val B
val A;val B
val A;val B
val A;val B
val A;val B
val A;val B
val A;val B
val A;val B
val A;val B
val A;val B
val A;val B
val A;val B
val A;val B
val A;val B
val A;val B
val A;val B
val A;val B
val A;val B
val A;val B
val A;val B
val A;val B
val A;val B
val A;val B
val A;val B
val A;val B
val A;val B
val A;val B
val A;val B
val A;val B
val A;val B
val A;val B
val A;val B
val A;val B
val A;val B
val A;val B
val A;val B
val A;val B
val A;val B
val A;val B
val A;val B
val A;val B
val A;val B
val A;val B
val A;val B
val A;val B
val A;val B
val A;val B
val A;val B
val A;val B
val A;val B
val A;val B
val A;val B
val A;val B
val A;val B
val A;val B
val A;val B
val A;val B
val A;val B
val A;val B
val A;val B
val A;val B
val A;val B
val A;val B
val A;val B
val A;val B
val A;val B
val A;val B
val A;val B
val A;val B
val A;val B
val A;val B
val A;val B
val A;val B
val A;val B
val A;val B
val A;val B
val A;val B
val A;val B
val A;val B
val A;val B
val A;val B
val A;val B
val A;val B
val A;val B
val A;val B
val A;val B
val A;val B
val A;val B
val A;val B
val A;val B
val A;val B
val A;val B
val A;val B
val A;val B
val A;val B
val A;val B
val A;val B
val A;val B
val A;val B
val A;val B
val A;val B
val A;val B
val A;val B
val A;val B
val A;val B
val A;val B
val A;val B
val A;val B
val A;val B
val A;val B
val A;val B
val A;val B
val A;val B
val A;val B
val A;val B
val A;val B
val A;val B
val A;val B
val A;val B
val A;val B
val A;val B
val A;val B
val A;val B
val A;val B
val A;val B
val A;val B
val A;val B
val A;val B
val A;val B
val A;val B
val A;val B
val A;val B
val A;val B
val A;val B
val A;val B
val A;val B
val A;val B
val A;val B
val A;val B
val A;val B
val A;val B
val A;val B
val A;val B
val A;val B
val A;val B
val A;val B
val A;val B
val A;val B
val A;val B
val A;val B
val A;val B
val A;val B
val A;val B
val A;val B
val A;val B
val A;val B
val A;val B
val A;val B
val A;val B
val A;val B
val A;val B
val A;val B
val A;val B
val A;val B
val A;val B
val A;val B
val A;val B
val A;val B
val A;val B
val A;val B
val A;val B
val A;val B
val A;val B
val A;val B
val A;val B
val A;val B
val A;val B
val A;val B
val A;val B
val A;val B
val A;val B
val A;val B
val A;val B
val A;val B
val A;val B
val A;val B
val A;val B
val A;val B
val A;val B
val A;val B
val A;val B
val A;val B
val A;val B
val A;val B
val A;val B
val A;val B
val A;val B
val A;val B
val A;val B
val A;val B
val A;val B
val A;val B
val A;val B
val A;val B
val A;val B
val A;val B
val A;val B
val A;val B
val A;val B
val A;val B
val A;val B
val A;val B
val A;val B
val A;val B
val A;val B
val A;val B
val A;val B
val A;val B
val A;val B
val A;val B
val A;val B
val A;val B
val A;val B
val A;val B
val A;val B
val A;val B
val A;val B
val A;val B
val A;val B
val A;val B
val A;val B
val A;val B
val A;val B
val A;val B
val A;val B
val A;val B
val A;val B
val A;val B
val A;val B
val A;val B
val A;val B
val A;val B
val A;val B
val A;val B
val A;val B
val A;val B
val A;val B
val A;val B
val A;val B
val A;val B
val A;val B
val A;val B
val A;val B
val A;val B
val A;val B
val A;val B
val A;val B
val A;val B
val A;val B
val A;val B
val A;val B
val A;val B
val A;val B
val A;val B
val A;val B
val A;val B
val A;val B
val A;val B
val A;val B
val A;val B
val A;val B
val A;val B
val A;val B
val A;val B
val A;val B
val A;val B
val A;val B
val A;val B
val A;val B
val A;val B
val A;val B
val A;val B
val A;val B
val A;val B
val A;val B
val A;val B
val A;val B
val A;val B
val A;val B
val A;val B
val A;val B
val A;val B
val A;val B
val A;val B
val A;val B
val A;val B
val A;val B
val A;val B
val A;val B
val A;val B
val A;val B
val A;val B
val A;val B
val A;val B
val A;val B
val A;val B
val A;val B
val A;val B
val A;val B
val A;val B
val A;val B
val A;val B
val A;val B
val A;val B
val A;val B
val A;val B
val A;val B
val A;val B
val A;val B
val A;val B
val A;val B
val A;val B
val A;val B
val A;val B
val A;val B
val A;val B
val A;val B
val A;val B
val A;val B
val A;val B
val A;val B
val A;val B
val A;val B
val A;val B
val A;val B
val A;val B
val A;val B
val A;val B
val A;val B
val A;val B
val A;val B
val A;val B
val A;val B
val A;val B
val A;val B
val A;val B
val A;val B
val A;val B
val A;val B
val A;val B
val A;val B
val A;val B
val A;val B
val A;val B
val A;val B
val A;val B
val A;val B
val A;val B
val A;val B
val A;val B
val A;val B
val A;val B
val A;val B
val A;val B
val A;val B
val A;val B
val A;val B
val A;val B
val A;val B
val A;val B
val A;val B
val A;val B
val A;val B
val A;val B
val A;val B
val A;val B
val A;val B
val A;val B
val A;val B
val A;val B
val A;val B
val A;val B
val A;val B
val A;val B
val A;val B
val A;val B
val A;val B
val A;val B
val A;val B
val A;val B
val A;val B
val A;val B
val A;val B
val A;val B
val A;val B
val A;val B
val A;val B
val A;val B
val A;val B
val A;val B
val A;val B
val A;val B
val A;val B
val A;val B
val A;val B
val A;val B
val A;val B
val A;val B
val A;val B
val A;val B
val A;val B
val A;val B
val A;val B
val A;val B
val A;val B
val A;val B
val A;val B
val A;val B
val A;val B
val A;val B
val A;val B
val A;val B
val A;val B
val A;val B
val A;val B
val A;val B
val A;val B
val A;val B
val A;val B
val A;val B
val A;val B
val A;val B
val A;val B
val A;val B
val A;val B
val A;val B
val A;val B
val A;val B
val A;val B
val A;val B
val A;val B
val A;val B
val A;val B
val A;val B
val A;val B
val A;val B
val A;val B
val A;val B
val A;val B
val A;val B
val A;val B
val A;val B
val A;val B
val A;val B
val A;val B
val A;val B
val A;val B
val A;val B
val A;val B
val A;val B
val A;val B
val A;val B
val A;val B
val A;val B
val A;val B
val A;val B
val A;val B
val A;val B
val A;val B
val A;val B
val A;val B
val A;val B
val A;val B
val A;val B
val A;val B
val A;val B
val A;val B
val A;val B
val A;val B
val A;val B
val A;val B
val A;val B
val A;val B
val A;val B
val A;val B
val A;val B
val A;val B
val A;val B
val A;val B
val A;val B
val A;val B
val A;val B
val A;val B
val A;val B
val A;val B
val A;val B
val A;val B
val A;val B
val A;val B
val A;val B
val A;val B
val A;val B
val A;val B
val A;val B
val A;val B
val A;val B
val A;val B
val A;val B
val A;val B
val A;val B
val A;val B
val A;val B
val A;val B
val A;val B
val A;val B
val A;val B
val A;val B
val A;val B
val A;val B
val A;val B
val A;val B
val A;val B
val A;val B
val A;val B
val A;val B
val A;val B
val A;val B
val A;val B
val A;val B
val A;val B
val A;val B
val A;val B
val A;val B
val A;val B
val A;val B
val A;val B
val A;val B
val A;val B
val A;val B
val A;val B
val A;val B
val A;val B
val A;val B
val A;val B
val A;val B
val A;val B
val A;val B
val A;val B
val A;val B
val A;val B
val A;val B
val A;val B
val A;val B
val A;val B
val A;val B
val A;val B
val A;val B
val A;val B
val A;val B
val A;val B
val A;val B
val A;val B
val A;val B
val A;val B
val A;val B
val A;val B
val A;val B
val A;val B
val A;val B
val A;val B
val A;val B
val A;val B
val A;val B
val A;val B
val A;val B
val A;val B
val A;val B
val A;val B
val A;val B
val A;val B
val A;val B
val A;val B
val A;val B
val A;val B
val A;val B
val A;val B
val A;val B
val A;val B
val A;val B
val A;val B
val A;val B
val A;val B
val A;val B
val A;val B
val A;val B
val A;val B
val A;val B
val A;val B
val A;val B
val A;val B
val A;val B
val A;val B
val A;val B
val A;val B
val A;val B
val A;val B
val A;val B
val A;val B
val A;val B
val A;val B
val A;val B
val A;val B
val A;val B
val A;val B
val A;val B
val A;val B
val A;val B
val A;val B
val A;val B
val A;val B
val A;val B
val A;val B
val A;val B
val A;val B
val A;val B
val A;val B
val A;val B
val A;val B
val A;val B
val A;val B
val A;val B
val A;val B
val A;val B
val A;val B
val A;val B
val A;val B
val A;val B
val A;val B
val A;val B
val A;val B
val A;val B
val A;val B
val A;val B
val A;val B
val A;val B
val A;val B
val A;val B
val A;val B
val A;val B
val A;val B
val A;val B
val A;val B
val A;val B
val A;val B
val A;val B
val A;val B
val A;val B
val A;val B
val A;val B
val A;val B
val A;val B
val A;val B
val A;val B
val A;val B
val A;val B
val A;val B
val A;val B
val A;val B
val A;val B
val A;val B
val A;val B
val A;val B
val A;val B
val A;val B
val A;val B
val A;val B
val A;val B
val A;val B
val A;val B
val A;val B
val A;val B
val A;val B
val A;val B
val A;val B
val A;val B
val A;val B
val A;val B
val A;val B
val A;val B
val A;val B
val A;val B
val A;val B
val A;val B
val A;val B
val A;val B
val A;val B
val A;val B
val A;val B
val A;val B
val A;val B
val A;val B
val A;val B
val A;val B
val A;val B
val A;val B
val A;val B
val A;val B
val A;val B
val A;val B
val A;val B
val A;val B
val A;val B
val A;val B
val A;val B
val A;val B
val A;val B
val A;val B
val A;val B
val A;val B
val A;val B
val A;val B
val A;val B
val A;val B
val A;val B
val A;val B
val A;val B
val A;val B
val A;val B
val A;val B
val A;val B
val A;val B
val A;val B
val A;val B
val A;val B
val A;val B
val A;val B
val A;val B
val A;val B
val A;val B
val A;val B
val A;val B
val A;val B
val A;val B
val A;val B
val A;val B
val A;val B
val A;val B
val A;val B
val A;val B
val A;val B
val A;val B
val A;val B
val A;val B
val A;val B
val A;val B
val A;val B
val A;val B
val A;val B
val A;val B
val A;val B
val A;val B
val A;val B
val A;val B
val A;val B
val A;val B
val A;val B
val A;val B
val A;val B
val A;val B
val A;val B
val A;val B
val A;val B
val A;val B
val A;val B
val A;val B
val A;val B
val A;val B
val A;val B
val A;val B
val A;val B
val A;val B
val A;val B
val A;val B
val A;val B
val A;val B
val A;val B
val A;val B
val A;val B
val A;val B
val A;val B
val A;val B
val A;val B
val A;val B
val A;val B
val A;val B
val A;val B
val A;val B
val A;val B
val A;val B
val A;val B
val A;val B
val A;val B
val A;val B
val A;val B
val A;val B
val A;val B
val A;val B
val A;val B
val A;val B
val A;val B
val A;val B
val A;val B
val A;val B
val A;val B
val A;val B
val A;val B
val A;val B
val A;val B
val A;val B
val A;val B
val A;val B
val A;val B
val A;val B
val A;val B
val A;val B
val A;val B
val A;val B
val A;val B
val A;val B
val A;val B
val A;val B
val A;val B
val A;val B
val A;val B
val A;val B
val A;val B
val A;val B
val A;val B
val A;val B
val A;val B
val A;val B
val A;val B
val A;val B
val A;val B
val A;val B
val A;val B
val A;val B
val A;val B
val A;val B
val A;val B
val A;val B
val A;val B
val A;val B
val A;val B
val A;val B
val A;val B
val A;val B
val A;val B
val A;val B
val A;val B
val A;val B
val A;val B
val A;val B
val A;val B
val A;val B
val A;val B
val A;val B
val A;val B
val A;val B
val A;val B
val A;val B
val A;val B
val A;val B
val A;val B
val A;val B
val A;val B
val A;val B
val A;val B
val A;val B
val A;val B
val A;val B
val A;val B
val A;val B
val A;val B
val A;val B
val A;val B
val A;val B
val A;val B
val A;val B
val A;val B
val A;val B
val A;val B
val A;val B
val A;val B
val A;val B
val A;val B
val A;val B
val A;val B
val A;val B
val A;val B
val A;val B
val A;val B
val A;val B
val A;val B
val A;val B
val A;val B
val A;val B
val A;val B
val A;val B
val A;val B
val A;val B
val A;val B
val A;val B
val A;val B
val A;val B
val A;val B
val A;val B
val A;val B
val A;val B
val A;val B
val A;val B
val A;val B
val A;val B
val A;val B
val A;val B
val A;val B
val A;val B
val A;val B
val A;val B
val A;val B
val A;val B
val A;val B
val A;val B
val A;val B
val A;val B
val A;val B
val A;val B
val A;val B
val A;val B
val A;val B
val A;val B
val A;val B
val A;val B
val A;val B
val A;val B
val A;val B
val A;val B
val A;val B
val A;val B
val A;val B
val A;val B
val A;val B
val A;val B
val A;val B
val A;val B
val A;val B
val A;val B
val A;val B
val A;val B
val A;val B
val A;val B
val A;val B
val A;val B
val A;val B
val A;val B
val A;val B
val A;val B
val A;val B
val A;val B
val A;val B
val A;val B
val A;val B
val A;val B
val A;val B
val A;val B
val A;val B
val A;val B
val A;val B
val A;val B
val A;val B
val A;val B
val A;val B
val A;val B
val A;val B
val A;val B
val A;val B
val A;val B
val A;val B
val A;val B
val A;val B
val A;val B
val A;val B
val A;val B
val A;val B
val A;val B
val A;val B
val A;val B
val A;val B
val A;val B
val A;val B
val A;val B
val A;val B
val A;val B
val A;val B
val A;val B
val A;val B
val A;val B
val A;val B
val A;val B
val A;val B
val A;val B
val A;val B
val A;val B
val A;val B
val A;val B
val A;val B
val A;val B
val A;val B
val A;val B
val A;val B
val A;val B
val A;val B
val A;val B
val A;val B
val A;val B
val A;val B
val A;val B
val A;val B
val A;val B
val A;val B
val A;val B
val A;val B
val A;val B
val A;val B
val A;val B
val A;val B
val A;val B
val A;val B
val A;val B
val A;val B
val A;val B
val A;val B
val A;val B
val A;val B
val A;val B
val A;val B
val A;val B
val A;val B
val A;val B
val A;val B
val A;val B
val A;val B
val A;val B
val A;val B
val A;val B
val A;val B
val A;val B
val A;val B
val A;val B
val A;val B
val A;val B
val A;val B
val A;val B
val A;val B
val A;val B
val A;val B
val A;val B
val A;val B
val A;val B
val A;val B
val A;val B
val A;val B
val A;val B
val A;val B
val A;val B
val A;val B
val A;val B
val A;val B
val A;val B
val A;val B
val A;val B
val A;val B
val A;val B
val A;val B
val A;val B
val A;val B
val A;val B
val A;val B
val A;val B
val A;val B
val A;val B
val A;val B
val A;val B
val A;val B
val A;val B
val A;val B
val A;val B
val A;val B
val A;val B
val A;val B
val A;val B
val A;val B
val A;val B
val A;val B
val A;val B
val A;val B
val A;val B
val A;val B
val A;val B
val A;val B
val A;val B
val A;val B
val A;val B
val A;val B
val A;val B
val A;val B
val A;val B
val A;val B
val A;val B
val A;val B
val A;val B
val A;val B
val A;val B
val A;val B
val A;val B
val A;val B
val A;val B
val A;val B
val A;val B
val A;val B
val A;val B
val A;val B
val A;val B
val A;val B
val A;val B
val A;val B
val A;val B
val A;val B
val A;val B
val A;val B
val A;val B
val A;val B
val A;val B
val A;val B
val A;val B
val A;val B
val A;val B
val A;val B
val A;val B
val A;val B
val A;val B
val A;val B
val A;val B
val A;val B
val A;val B
val A;val B
val A;val B
val A;val B
val A;val B
val A;val B
val A;val B
val A;val B
val A;val B
val A;val B
val A;val B
val A;val B
val A;val B
val A;val B
val A;val B
val A;val B
val A;val B
val A;val B
val A;val B
val A;val B
val A;val B
val A;val B
val A;val B
val A;val B
val A;val B
val A;val B
val A;val B
val A;val B
val A;val B
val A;val B
val A;val B
val A;val B
val A;val B
val A;val B
val A;val B
val A;val B
val A;val B
val A;val B
val A;val B
val A;val B
val A;val B
val A;val B
val A;val B
val A;val B
val A;val B
val A;val B
val A;val B
val A;val B
val A;val B
val A;val B
val A;val B
val A;val B
val A;val B
val A;val B
val A;val B
val A;val B
val A;val B
val A;val B
val A;val B
val A;val B
val A;val B
val A;val B
val A;val B
val A;val B
val A;val B
val A;val B
val A;val B
val A;val B
val A;val B
val A;val B
val A;val B
val A;val B
val A;val B
val A;val B
val A;val B
val A;val B
val A;val B
val A;val B
val A;val B
val A;val B
val A;val B
val A;val B
val A;val B
val A;val B
val A;val B
val A;val B
val A;val B
val A;val B
val A;val B
val A;val B
val A;val B
val A;val B
val A;val B
val A;val B
val A;val B
val A;val B
val A;val B
val A;val B
val A;val B
val A;val B
val A;val B
val A;val B
val A;val B
val A;val B
val A;val B
val A;val B
val A;val B
val A;val B
val A;val B
val A;val B
val A;val B
val A;val B
val A;val B
val A;val B
val A;val B
val A;val B
val A;val B
val A;val B
val A;val B
val A;val B
val A;val B
val A;val B
val A;val B
val A;val B
val A;val B
val A;val B
val A;val B
val A;val B
val A;val B
val A;val B
val A;val B
val A;val B
val A;val B
val A;val B
val A;val B
val A;val B
val A;val B
val A;val B
val A;val B
val A;val B
val A;val B
val A;val B
val A;val B
val A;val B
val A;val B
val A;val B
val A;val B
val A;val B
val A;val B
val A;val B
val A;val B
val A;val B
val A;val B
val A;val B
val A;val B
val A;val B
val A;val B
val A;val B
val A;val B
val A;val B
val A;val B
val A;val B
val A;val B
val A;val B
val A;val B
val A;val B
val A;val B
val A;val B
val A;val B
val A;val B
val A;val B
val A;val B
val A;val B
val A;val B
val A;val B
val A;val B
val A;val B
val A;val B
val A;val B
val A;val B
val A;val B
val A;val B
val A;val B
val A;val B
val A;val B
val A;val B
val A;val B
val A;val B
val A;val B
val A;val B
val A;val B
val A;val B
val A;val B
val A;val B
val A;val B
val A;val B
val A;val B
val A;val B
val A;val B
val A;val B
val A;val B
val A;val B
val A;val B
val A;val B
val A;val B
val A;val B
val A;val B
val A;val B
val A;val B
val A;val B
val A;val B
val A;val B
val A;val B
val A;val B
val A;val B
val A;val B
val A;val B
val A;val B
val A;val B
val A;val B
val A;val B
val A;val B
val A;val B
val A;val B
val A;val B
val A;val B
val A;val B
val A;val B
val A;val B
val A;val B
val A;val B
val A;val B
val A;val B
val A;val B
val A;val B
val A;val B
val A;val B
val A;val B
val A;val B
val A;val B
val A;val B
val A;val B
val A;val B
val A;val B
val A;val B
val A;val B
val A;val B
val A;val B
val A;val B
val A;val B
val A;val B
val A;val B
val A;val B
val A;val B
val A;val B
val A;val B
val A;val B
val A;val B
val A;val B
val A;val B
val A;val B
val A;val B
val A;val B
val A;val B
val A;val B
val A;val B
val A;val B
val A;val B
val A;val B
val A;val B
val A;val B
val A;val B
val A;val B
val A;val B
val A;val B
val A;val B
val A;val B
val A;val B
val A;val B
val A;val B
val A;val B
val A;val B
val A;val B
val A;val B
val A;val B
val A;val B
val A;val B
val A;val B
val A;val B
val A;val B
val A;val B
val A;val B
val A;val B
val A;val B
val A;val B
val A;val B
val A;val B
val A;val B
val A;val B
val A;val B
val A;val B
val A;val B
val A;val B
val A;val B
val A;val B
val A;val B
val A;val B
val A;val B
val A;val B
val A;val B
val A;val B
val A;val B
val A;val B
val A;val B
val A;val B
val A;val B
val A;val B
val A;val B
val A;val B
val A;val B
val A;val B
val A;val B
val A;val B
val A;val B
val A;val B
val A;val B
val A;val B
val A;val B
val A;val B
val A;val B
val A;val B
val A;val B
val A;val B
val A;val B
val A;val B
val A;val B
val A;val B
val A;val B
val A;val B
val A;val B
val A;val B
val A;val B
val A;val B
val A;val B
val A;val B
val A;val B
val A;val B
val A;val B
val A;val B
val A;val B
val A;val B
val A;val B
val A;val B
val A;val B
val A;val B
val A;val B
val A;val B
val A;val B
val A;val B
val A;val B
val A;val B
val A;val B
val A;val B
val A;val B
val A;val B
val A;val B
val A;val B
val A;val B
val A;val B
val A;val B
val A;val B
val A;val B
val A;val B
val A;val B
val A;val B
val A;val B
val A;val B
val A;val B
val A;val B
val A;val B
val A;val B
val A;val B
val A;val B
val A;val B
val A;val B
val A;val B
val A;val B
val A;val B
val A;val B
val A;val B
val A;val B
val A;val B
val A;val B
val A;val B
val A;val B
val A;val B
val A;val B
val A;val B
val A;val B
val A;val B
val A;val B
val A;val B
val A;val B
val A;val B
val A;val B
val A;val B
val A;val B
val A;val B
val A;val B
val A;val B
val A;val B
val A;val B
val A;val B
val A;val B
val A;val B
val A;val B
val A;val B
val A;val B
val A;val B
val A;val B
val A;val B
val A;val B
val A;val B
val A;val B
val A;val B
val A;val B
val A;val B
val A;val B
val A;val B
val A;val B
val A;val B
val A;val B
val A;val B
val A;val B
val A;val B
val A;val B
val A;val B
val A;val B
val A;val B
val A;val B
val A;val B
val A;val B
val A;val B
val A;val B
val A;val B
val A;val B
val A;val B
val A;val B
val A;val B
val A;val B
val A;val B
val A;val B
val A;val B
val A;val B
val A;val B
val A;val B
val A;val B
val A;val B
val A;val B
val A;val B
val A;val B
val A;val B
val A;val B
val A;val B
val A;val B
val A;val B
val A;val B
val A;val B
val A;val B
val A;val B
val A;val B
val A;val B
val A;val B
val A;val B
val A;val B
val A;val B
val A;val B
val A;val B
val A;val B
val A;val B
val A;val B
val A;val B
val A;val B
val A;val B
val A;val B
val A;val B
val A;val B
val A;val B
val A;val B
val A;val B
val A;val B
val A;val B
val A;val B
val A;val B
val A;val B
val A;val B
val A;val B
val A;val B
val A;val B
val A;val B
val A;val B
val A;val B
val A;val B
val A;val B
val A;val B
val A;val B
val A;val B
val A;val B
val A;val B
val A;val B
val A;val B
val A;val B
val A;val B
val A;val B
val A;val B
val A;val B
val A;val B
val A;val B
val A;val B
val A;val B
val A;val B
val A;val B
val A;val B
val A;val B
val A;val B
val A;val B
val A;val B
val A;val B
val A;val B
val A;val B
val A;val B
val A;val B
val A;val B
val A;val B
val A;val B
val A;val B
val A;val B
val A;val B
val A;val B
val A;val B
val A;val B
val A;val B
val A;val B
val A;val B
val A;val B
val A;val B
val A;val B
val A;val B
val A;val B
val A;val B
val A;val B
val A;val B
val A;val B
val A;val B
val A;val B
val A;val B
val A;val B
val A;val B
val A;val B
val A;val B
val A;val B
val A;val B
val A;val B
val A;val B
val A;val B
val A;val B
val A;val B
val A;val B
val A;val B
val A;val B
val A;val B
val A;val B
val A;val B
val A;val B
val A;val B
val A;val B
val A;val B
val A;val B
val A;val B
val A;val B
val A;val B
val A;val B
val A;val B
val A;val B
val A;val B
val A;val B
val A;val B
val A;val B
val A;val B
val A;val B
val A;val B
val A;val B
val A;val B
val A;val B
val A;val B
val A;val B
val A;val B
val A;val B
val A;val B
val A;val B
val A;val B
val A;val B
val A;val B
val A;val B
val A;val B
val A;val B
val A;val B
val A;val B
val A;val B
val A;val B
val A;val B
val A;val B
val A;val B
val A;val B
val A;val B
val A;val B
val A;val B
val A;val B
val A;val B
val A;val B
val A;val B
val A;val B
val A;val B
val A;val B
val A;val B
val A;val B
val A;val B
val A;val B
val A;val B
val A;val B
val A;val B
val A;val B
val A;val B
val A;val B
val A;val B
val A;val B
val A;val B
val A;val B
val A;val B
val A;val B
val A;val B
val A;val B
val A;val B
val A;val B
val A;val B
val A;val B
val A;val B
val A;val B
val A;val B
val A;val B
val A;val B
val A;val B
val A;val B
val A;val B
val A;val B
val A;val B
val A;val B
val A;val B
val A;val B
val A;val B
val A;val B
val A;val B
val A;val B
val A;val B
val A;val B
val A;val B
val A;val B
val A;val B
val A;val B
val A;val B
val A;val B
val A;val B
val A;val B
val A;val B
val A;val B
val A;val B
val A;val B
val A;val B
val A;val B
val A;val B
val A;val B
val A;val B
val A;val B
val A;val B
val A;val B
val A;val B
val A;val B
val A;val B
val A;val B
val A;val B
val A;val B
val A;val B
val A;val B
val A;val B
val A;val B
val A;val B
val A;val B
val A;val B
val A;val B
val A;val B
val A;val B
val A;val B
val A;val B
val A;val B
val A;val B
val A;val B
val A;val B
val A;val B
val A;val B
val A;val B
val A;val B
val A;val B
val A;val B
val A;val B
val A;val B
val A;val B
val A;val B
val A;val B
val A;val B
val A;val B
val A;val B
val A;val B
val A;val B
val A;val B
val A;val B
val A;val B
val A;val B
val A;val B
val A;val B
val A;val B
val A;val B
val A;val B
val A;val B
val A;val B
val A;val B
val A;val B
val A;val B
val A;val B
val A;val B
val A;val B
val A;val B
val A;val B
val A;val B
val A;val B
val A;val B
val A;val B
val A;val B
val A;val B
val A;val B
val A;val B
val A;val B
val A;val B
val A;val B
val A;val B
val A;val B
val A;val B
val A;val B
val A;val B
val A;val B
val A;val B
val A;val B
val A;val B
val A;val B
val A;val B
val A;val B
val A;val B
val A;val B
val A;val B
val A;val B
val A;val B
val A;val B
val A;val B
val A;val B
val A;val B
val A;val B
val A;val B
val A;val B
val A;val B
val A;val B
val A;val B
val A;val B
val A;val B
val A;val B
val A;val B
val A;val B
val A;val B
val A;val B
val A;val B
val A;val B
val A;val B
val A;val B
val A;val B
val A;val B
val A;val B
val A;val B
val A;val B
val A;val B
val A;val B
val A;val B
val A;val B
val A;val B
val A;val B
val A;val B
val A;val B
val A;val B
val A;val B
val A;val B
val A;val B
val A;val B
val A;val B
val A;val B
val A;val B
val A;val B
val A;val B
val A;val B
val A;val B
val A;val B
val A;val B
val A;val B
val A;val B
val A;val B
val A;val B
val A;val B
val A;val B
val A;val B
val A;val B
val A;val B
val A;val B
val A;val B
val A;val B
val A;val B
val A;val B
val A;val B
val A;val B
val A;val B
val A;val B
val A;val B
val A;val B
val A;val B
val A;val B
val A;val B
val A;val B
val A;val B
val A;val B
val A;val B
val A;val B
val A;val B
val A;val B
val A;val B
val A;val B
val A;val B
val A;val B
val A;val B
val A;val B
val A;val B
val A;val B
val A;val B
val A;val B
val A;val B
val A;val B
val A;val B
val A;val B
val A;val B
val A;val B
val A;val B
val A;val B
val A;val B
val A;val B
val A;val B
val A;val B
val A;val B
val A;val B
val A;val B
val A;val B
val A;val B
val A;val B
val A;val B
val A;val B
val A;val B
val A;val B
val A;val B
val A;val B
val A;val B
val A;val B
val A;val B
val A;val B
val A;val B
val A;val B
val A;val B
val A;val B
val A;val B
val A;val B
val A;val B
val A;val B
val A;val B
val A;val B
val A;val B
val A;val B
val A;val B
val A;val B
val A;val B
val A;val B
val A;val B
val A;val B
val A;val B
val A;val B
val A;val B
val A;val B
val A;val B
val A;val B
val A;val B
val A;val B
val A;val B
val A;val B
val A;val B
val A;val B
val A;val B
val A;val B
val A;val B
val A;val B
val A;val B
val A;val B
val A;val B
val A;val B
val A;val B
val A;val B
val A;val B
val A;val B
val A;val B
val A;val B
val A;val B
val A;val B
val A;val B
val A;val B
val A;val B
val A;val B
val A;val B
val A;val B
val A;val B
val A;val B
val A;val B
val A;val B
val A;val B
val A;val B
val A;val B
val A;val B
val A;val B
val A;val B
val A;val B
val A;val B
val A;val B
val A;val B
val A;val B
val A;val B
val A;val B
val A;val B
val A;val B
val A;val B
val A;val B
val A;val B
val A;val B
val A;val B
val A;val B
val A;val B
val A;val B
val A;val B
val A;val B
val A;val B
val A;val B
val A;val B
val A;val B
val A;val B
val A;val B
val A;val B
val A;val B
val A;val B
val A;val B
val A;val B
val A;val B
val A;val B
val A;val B
val A;val B
val A;val B
val A;val B
val A;val B
val A;val B
val A;val B
val A;val B
val A;val B
val A;val B
val A;val B
val A;val B
val A;val B
val A;val B
val A;val B
val A;val B
val A;val B
val A;val B
val A;val B
val A;val B
val A;val B
val A;val B
val A;val B
val A;val B
val A;val B
val A;val B
val A;val B
val A;val B
val A;val B
val A;val B
val A;val B
val A;val B
val A;val B
val A;val B
val A;val B
val A;val B
val A;val B
val A;val B
val A;val B
val A;val B
val A;val B
val A;val B
val A;val B
val A;val B
val A;val B
val A;val B
val A;val B
val A;val B
val A;val B
val A;val B
val A;val B
val A;val B
val A;val B
val A;val B
val A;val B
val A;val B
val A;val B
val A;val B
val A;val B
val A;val B
val A;val B
val A;val B
val A;val B
val A;val B
val A;val B
val A;val B
val A;val B
val A;val B
val A;val B
val A;val B
val A;val B
val A;val B
val A;val B
val A;val B
val A;val B
val A;val B
val A;val B
val A;val B
val A;val B
val A;val B
val A;val B
val A;val B
val A;val B
val A;val B
val A;val B
val A;val B
val A;val B
val A;val B
val A;val B
val A;val B
val A;val B
val A;val B
val A;val B
val A;val B
val A;val B
val A;val B
val A;val B
val A;val B
val A;val B
val A;val B
val A;val B
val A;val B
val A;val B
val A;val B
val A;val B
val A;val B
val A;val B
val A;val B
val A;val B
val A;val B
val A;val B
val A;val B
val A;val B
val A;val B
val A;val B
val A;val B
val A;val B
val A;val B
val A;val B
val A;val B
val A;val B
val A;val B
val A;val B
val A;val B
val A;val B
val A;val B
val A;val B
val A;val B
val A;val B
val A;val B
val A;val B
val A;val B
val A;val B
val A;val B
val A;val B
val A;val B
val A;val B
val A;val B
val A;val B
val A;val B
val A;val B
val A;val B
val A;val B
val A;val B
val A;val B
val A;val B
val A;val B
val A;val B
val A;val B
val A;val B
val A;val B
val A;val B
val A;val B
val A;val B
val A;val B
val A;val B
val A;val B
val A;val B
val A;val B
val A;val B
val A;val B
val A;val B
val A;val B
val A;val B
val A;val B
val A;val B
val A;val B
val A;val B
val A;val B
val A;val B
val A;val B
val A;val B
val A;val B
val A;val B
val A;val B
val A;val B
val A;val B
val A;val B
val A;val B
val A;val B
val A;val B
val A;val B
val A;val B
val A;val B
val A;val B
val A;val B
val A;val B
val A;val B
val A;val B
val A;val B
val A;val B
val A;val B
val A;val B
val A;val B
val A;val B
val A;val B
val A;val B
val A;val B
val A;val B
val A;val B
val A;val B
val A;val B
val A;val B
val A;val B
val A;val B
val A;val B
val A;val B
val A;val B
val A;val B
val A;val B
val A;val B
val A;val B
val A;val B
val A;val B
val A;val B
val A;val B
val A;val B
val A;val B
val A;val B
val A;val B
val A;val B
val A;val B
val A;val B
val A;val B
val A;val B
val A;val B
val A;val B
val A;val B
val A;val B
val A;val B
val A;val B
val A;val B
val A;val B
val A;val B
val A;val B
val A;val B
val A;val B
val A;val B
val A;val B
val A;val B
val A;val B
val A;val B
val A;val B
val A;val B
val A;val B
val A;val B
val A;val B
val A;val B
val A;val B
val A;val B
val A;val B
val A;val B
val A;val B
val A;val B
val A;val B
val A;val B
val A;val B
val A;val B
val A;val B
val A;val B
val A;val B
val A;val B
val A;val B
val A;val B
val A;val B
val A;val B
val A;val B
val A;val B
val A;val B
val A;val B
val A;val B
val A;val B
val A;val B
val A;val B
val A;val B
val A;val B
val A;val B
val A;val B
val A;val B
val A;val B
val A;val B
val A;val B
val A;val B
val A;val B
val A;val B
val A;val B
val A;val B
val A;val B
val A;val B
val A;val B
val A;val B
val A;val B
val A;val B
val A;val B
val A;val B
val A;val B
val A;val B
val A;val B
val A;val B
val A;val B
val A;val B
val A;val B
val A;val B
val A;val B
val A;val B
val A;val B
val A;val B
val A;val B
val A;val B
val A;val B
val A;val B
val A;val B
val A;val B
val A;val B
val A;val B
val A;val B
val A;val B
val A;val B
val A;val B
val A;val B
val A;val B
val A;val B
val A;val B
val A;val B
val A;val B
val A;val B
val A;val B
val A;val B
val A;val B
val A;val B
val A;val B
val A;val B
val A;val B
val A;val B
val A;val B
val A;val B
val A;val B
val A;val B
val A;val B
val A;val B
val A;val B
val A;val B
val A;val B
val A;val B
val A;val B
val A;val B
val A;val B
val A;val B
val A;val B
val A;val B
val A;val B
val A;val B
val A;val B
val A;val B
val A;val B
val A;val B
val A;val B
val A;val B
val A;val B
val A;val B
val A;val B
val A;val B
val A;val B
val A;val B
val A;val B
val A;val B
val A;val B
val A;val B
val A;val B
val A;val B
val A;val B
val A;val B
val A;val B
val A;val B
val A;val B
val A;val B
val A;val B
val A;val B
val A;val B
val A;val B
val A;val B
val A;val B
val A;val B
val A;val B
val A;val B
val A;val B
val A;val B
val A;val B
val A;val B
val A;val B
val A;val B
val A;val B
val A;val B
val A;val B
val A;val B
val A;val B
val A;val B
val A;val B
val A;val B
val A;val B
val A;val B
val A;val B
val A;val B
val A;val B
val A;val B
val A;val B
val A;val B
val A;val B
val A;val B
val A;val B
val A;val B
val A;val B
val A;val B
val A;val B
val A;val B
val A;val B
val A;val B
val A;val B
val A;val B
val A;val B
val A;val B
val A;val B
val A;val B
val A;val B
val A;val B
val A;val B
val A;val B
val A;val B
val A;val B
val A;val B
val A;val B
val A;val B
val A;val B
val A;val B
val A;val B
val A;val B
val A;val B
val A;val B
val A;val B
val A;val B
val A;val B
val A;val B
val A;val B
val A;val B
val A;val B
val A;val B
val A;val B
val A;val B
val A;val B
val A;val B
val A;val B
val A;val B
val A;val B
val A;val B
val A;val B
val A;val B
val A;val B
val A;val B
val A;val B
val A;val B
val A;val B
val A;val B
val A;val B
val A;val B
val A;val B
val A;val B
val A;val B
val A;val B
val A;val B
val A;val B
val A;val B
val A;val B
val A;val B
val A;val B
val A;val B
val A;val B
val A;val B
val A;val B
val A;val B
val A;val B
val A;val B
val A;val B
val A;val B
val A;val B
val A;val B
val A;val B
val A;val B
val A;val B
val A;val B
val A;val B
val A;val B
val A;val B
val A;val B
val A;val B
val A;val B
val A;val B
val A;val B
val A;val B
val A;val B
val A;val B
val A;val B
val A;val B
val A;val B
val A;val B
val A;val B
val A;val B
val A;val B
val A;val B
val A;val B
val A;val B
val A;val B
val A;val B
val A;val B
val A;val B
val A;val B
val A;val B
val A;val B
val A;val B
val A;val B
val A;val B
val A;val B
val A;val B
val A;val B
val A;val B
val A;val B
val A;val B
val A;val B
val A;val B
val A;val B
val A;val B
val A;val B
val A;val B
val A;val B
val A;val B
val A;val B
val A;val B
val A;val B
val A;val B
val A;val B
val A;val B
val A;val B
val A;val B
val A;val B
val A;val B
val A;val B
val A;val B
val A;val B
val A;val B
val A;val B
val A;val B
val A;val B
val A;val B
val A;val B
val A;val B
val A;val B
val A;val B
val A;val B
val A;val B
val A;val B
val A;val B
val A;val B
val A;val B
val A;val B
val A;val B
val A;val B
val A;val B
val A;val B
val A;val B
val A;val B
val A;val B
val A;val B
val A;val B
val A;val B
val A;val B
val A;val B
val A;val B
val A;val B
val A;val B
val A;val B
val A;val B
val A;val B
val A;val B
val A;val B
val A;val B
val A;val B
val A;val B
val A;val B
val A;val B
val A;val B
val A;val B
val A;val B
val A;val B
val A;val B
val A;val B
val A;val B
val A;val B
val A;val B
val A;val B
val A;val B
val A;val B
val A;val B
val A;val B
val A;val B
val A;val B
val A;val B
val A;val B
val A;val B
val A;val B
val A;val B
val A;val B
val A;val B
val A;val B
val A;val B
val A;val B
val A;val B
val A;val B
val A;val B
val A;val B
val A;val B
val A;val B
val A;val B
val A;val B
val A;val B
val A;val B
val A;val B
val A;val B
val A;val B
val A;val B
val A;val B
val A;val B
val A;val B
val A;val B
val A;val B
val A;val B
val A;val B
val A;val B
val A;val B
val A;val B
val A;val B
val A;val B
val A;val B
val A;val B
val A;val B
val A;val B
val A;val B
val A;val B
val A;val B
val A;val B
val A;val B
val A;val B
val A;val B
val A;val B
val A;val B
val A;val B
val A;val B
val A;val B
val A;val B
val A;val B
val A;val B
val A;val B
val A;val B
val A;val B
val A;val B
val A;val B
val A;val B
val A;val B
val A;val B
val A;val B
val A;val B
val A;val B
val A;val B
val A;val B
val A;val B
val A;val B
val A;val B
val A;val B
val A;val B
val A;val B
val A;val B
val A;val B
val A;val B
val A;val B
val A;val B
val A;val B
val A;val B
val A;val B
val A;val B
val A;val B
val A;val B
val A;val B
val A;val B
val A;val B
val A;val B
val A;val B
val A;val B
val A;val B
val A;val B
val A;val B
val A;val B
val A;val B
val A;val B
val A;val B
val A;val B
val A;val B
val A;val B
val A;val B
val A;val B
val A;val B
val A;val B
val A;val B
val A;val B
val A;val B
val A;val B
val A;val B
val A;val B
val A;val B
val A;val B
val A;val B
val A;val B
val A;val B
val A;val B
val A;val B
val A;val B
val A;val B
val A;val B
val A;val B
val A;val B
val A;val B
val A;val B
val A;val B
val A;val B
val A;val B
val A;val B
val A;val B
val A;val B
val A;val B
val A;val B
val A;val B
val A;val B
val A;val B
val A;val B
val A;val B
val A;val B
val A;val B
val A;val B
val A;val B
val A;val B
val A;val B
val A;val B
val A;val B
val A;val B
val A;val B
val A;val B
val A;val B
val A;val B
val A;val B
val A;val B
val A;val B
val A;val B
val A;val B
val A;val B
val A;val B
val A;val B
val A;val B
val A;val B
val A;val B
val A;val B
val A;val B
val A;val B
val A;val B
val A;val B
val A;val B
val A;val B
val A;val B
val A;val B
val A;val B
val A;val B
val A;val B
val A;val B
val A;val B
val A;val B
val A;val B
val A;val B
val A;val B
val A;val B
val A;val B
val A;val B
val A;val B
val A;val B
val A;val B
val A;val B
val A;val B
val A;val B
val A;val B
val A;val B
val A;val B
val A;val B
val A;val B
val A;val B
val A;val B
val A;val B
val A;val B
val A;val B
val A;val B
val A;val B
val A;val B
val A;val B
val A;val B
val A;val B
val A;val B
val A;val B
val A;val B
val A;val B
val A;val B
val A;val B
val A;val B
val A;val B
val A;val B
val A;val B
val A;val B
val A;val B
val A;val B
val A;val B
val A;val B
val A;val B
val A;val B
val A;val B
val A;val B
val A;val B
val A;val B
val A;val B
val A;val B
val A;val B
val A;val B
val A;val B
val A;val B
val A;val B
val A;val B
val A;val B
val A;val B
val A;val B
val A;val B
val A;val B
val A;val B
val A;val B
val A;val B
val A;val B
val A;val B
val A;val B
val A;val B
val A;val B
val A;val B
val A;val B
val A;val B
val A;val B
val A;val B
val A;val B
val A;val B
val A;val B
val A;val B
val A;val B
val A;val B
val A;val B
val A;val B
val A;val B
val A;val B
val A;val B
val A;val B
val A;val B
val A;val B
val A;val B
val A;val B
val A;val B
val A;val B
val A;val B
val A;val B
val A;val B
val A;val B
val A;val B
val A;val B
val A;val B
val A;val B
val A;val B
val A;val B
val A;val B
val A;val B
val A;val B
val A;val B
val A;val B
val A;val B
val A;val B
val A;val B
val A;val B
val A;val B
val A;val B
val A;val B
val A;val B
val A;val B
val A;val B
val A;val B
val A;val B
val A;val B
val A;val B
val A;val B
val A;val B
val A;val B
val A;val B
val A;val B
val A;val B
val A;val B
val A;val B
val A;val B
val A;val B
val A;val B
val A;val B
val A;val B
val A;val B
val A;val B
val A;val B
val A;val B
val A;val B
val A;val B
val A;val B
val A;val B
val A;val B
val A;val B
val A;val B
val A;val B
val A;val B
val A;val B
val A;val B
val A;val B
val A;val B
val A;val B
val A;val B
val A;val B
val A;val B
val A;val B
val A;val B
val A;val B
val A;val B
val A;val B
val A;val B
val A;val B
val A;val B
val A;val B
val A;val B
val A;val B
val A;val B
val A;val B
val A;val B
val A;val B
val A;val B
val A;val B
val A;val B
val A;val B
val A;val B
val A;val B
val A;val B
val A;val B
val A;val B
val A;val B
val A;val B
val A;val B
val A;val B
val A;val B
val A;val B
val A;val B
val A;val B
val A;val B
val A;val B
val A;val B
val A;val B
val A;val B
val A;val B
val A;val B
val A;val B
val A;val B
val A;val B
val A;val B
val A;val B
val A;val B
val A;val B
val A;val B
val A;val B
val A;val B
val A;val B
val A;val B
val A;val B
val A;val B
val A;val B
val A;val B
val A;val B
val A;val B
val A;val B
val A;val B
val A;val B
val A;val B
val A;val B
val A;val B
val A;val B
val A;val B
val A;val B
val A;val B
val A;val B
val A;val B
val A;val B
val A;val B
val A;val B
val A;val B
val A;val B
val A;val B
val A;val B
val A;val B
val A;val B
val A;val B
val A;val B
val A;val B
val A;val B
val A;val B
val A;val B
val A;val B
val A;val B
val A;val B
val A;val B
val A;val B
val A;val B
val A;val B
val A;val B
val A;val B
val A;val B
val A;val B
val A;val B
val A;val B
val A;val B
val A;val B
val A;val B
val A;val B
val A;val B
val A;val B
val A;val B
val A;val B
val A;val B
val A;val B
val A;val B
val A;val B
val A;val B
val A;val B
val A;val B
val A;val B
val A;val B
val A;val B
val A;val B
val A;val B
val A;val B
val A;val B
val A;val B
val A;val B
val A;val B
val A;val B
val A;val B
val A;val B
val A;val B
val A;val B
val A;val B
val A;val B
val A;val B
val A;val B
val A;val B
val A;val B
val A;val B
val A;val B
val A;val B
val A;val B
val A;val B
val A;val B
val A;val B
val A;val B
val A;val B
val A;val B
val A;val B
val A;val B
val A;val B
val A;val B
val A;val B
val A;val B
val A;val B
val A;val B
val A;val B
val A;val B
val A;val B
val A;val B
val A;val B
val A;val B
val A;val B
val A;val B
val A;val B
val A;val B
val A;val B
val A;val B
val A;val B
val A;val B
val A;val B
val A;val B
val A;val B
val A;val B
val A;val B
val A;val B
val A;val B
val A;val B
val A;val B
val A;val B
val A;val B
val A;val B
val A;val B
val A;val B
val A;val B
val A;val B
val A;val B
val A;val B
val A;val B
val A;val B
val A;val B
val A;val B
val A;val B
val A;val B
val A;val B
val A;val B
val A;val B
val A;val B
val A;val B
val A;val B
val A;val B
val A;val B
val A;val B
val A;val B
val A;val B
val A;val B
val A;val B
val A;val B
val A;val B
val A;val B
val A;val B
val A;val B
val A;val B
val A;val B
val A;val B
val A;val B
val A;val B
val A;val B
val A;val B
val A;val B
val A;val B
val A;val B
val A;val B
val A;val B
val A;val B
val A;val B
val A;val B
val A;val B
val A;val B
val A;val B
val A;val B
val A;val B
val A;val B
val A;val B
val A;val B
val A;val B
val A;val B
val A;val B
val A;val B
val A;val B
val A;val B
val A;val B
val A;val B
val A;val B
val A;val B
val A;val B
val A;val B
val A;val B
val A;val B
val A;val B
val A;val B
val A;val B
val A;val B
val A;val B
val A;val B
val A;val B
val A;val B
val A;val B
val A;val B
val A;val B
val A;val B
val A;val B
val A;val B
val A;val B
val A;val B
val A;val B
val A;val B
val A;val B
val A;val B
val A;val B
val A;val B
val A;val B
val A;val B
val A;val B
val A;val B
val A;val B
val A;val B
val A;val B
val A;val B
val A;val B
val A;val B
val A;val B
val A;val B
val A;val B
val A;val B
val A;val B
val A;val B
val A;val B
val A;val B
val A;val B
val A;val B
val A;val B
val A;val B
val A;val B
val A;val B
val A;val B
val A;val B
val A;val B
val A;val B
val A;val B
val A;val B
val A;val B
val A;val B
val A;val B
val A;val B
val A;val B
val A;val B
val A;val B
val A;val B
val A;val B
val A;val B
val A;val B
val A;val B
val A;val B
val A;val B
val A;val B
val A;val B
val A;val B
val A;val B
val A;val B
val A;val B
val A;val B
val A;val B
val A;val B
val A;val B
val A;val B
val A;val B
val A;val B
val A;val B
val A;val B
val A;val B
val A;val B
val A;val B
val A;val B
val A;val B
val A;val B
val A;val B
val A;val B
val A;val B
val A;val B
val A;val B
val A;val B
val A;val B
val A;val B
val A;val B
val A;val B
val A;val B
val A;val B
val A;val B
val A;val B
val A;val B
val A;val B
val A;val B
val A;val B
val A;val B
val A;val B
val A;val B
val A;val B
val A;val B
val A;val B
val A;val B
val A;val B
val A;val B
val A;val B
val A;val B
val A;val B
val A;val B
val A;val B
val A;val B
val A;val B
val A;val B
val A;val B
val A;val B
val A;val B
val A;val B
val A;val B
val A;val B
val A;val B
val A;val B
val A;val B
val A;val B
val A;val B
val A;val B
val A;val B
val A;val B
val A;val B
val A;val B
val A;val B
val A;val B
val A;val B
val A;val B
val A;val B
val A;val B
val A;val B
val A;val B
val A;val B
val A;val B
val A;val B
val A;val B
val A;val B
val A;val B
val A;val B
val A;val B
val A;val B
val A;val B
val A;val B
val A;val B
val A;val B
val A;val B
val A;val B
val A;val B
val A;val B
val A;val B
val A;val B
val A;val B
val A;val B
val A;val B
val A;val B
val A;val B
val A;val B
val A;val B
val A;val B
val A;val B
val A;val B
val A;val B
val A;val B
val A;val B
val A;val B
val A;val B
val A;val B
val A;val B
val A;val B
val A;val B
val A;val B
val A;val B
val A;val B
val A;val B
val A;val B
val A;val B
val A;val B
val A;val B
val A;val B
val A;val B
val A;val B
val A;val B
val A;val B
val A;val B
val A;val B
val A;val B
val A;val B
val A;val B
val A;val B
val A;val B
val A;val B
val A;val B
val A;val B
val A;val B
val A;val B
val A;val B
val A;val B
val A;val B
val A;val B
val A;val B
val A;val B
val A;val B
val A;val B
val A;val B
val A;val B
val A;val B
val A;val B
val A;val B
val A;val B
val A;val B
val A;val B
val A;val B
val A;val B
val A;val B
val A;val B
val A;val B
val A;val B
val A;val B
val A;val B
val A;val B
val A;val B
val A;val B
val A;val B
val A;val B
val A;val B
val A;val B
val A;val B
val A;val B
val A;val B
val A;val B
val A;val B
val A;val B
val A;val B
val A;val B
val A;val B
val A;val B
val A;val B
val A;val B
val A;val B
val A;val B
val A;val B
val A;val B
val A;val B
val A;val B
val A;val B
val A;val B
val A;val B
val A;val B
val A;val B
val A;val B
val A;val B
val A;val B
val A;val B
val A;val B
val A;val B
val A;val B
val A;val B
val A;val B
val A;val B
val A;val B
val A;val B
val A;val B
val A;val B
val A;val B
val A;val B
val A;val B
val A;val B
val A;val B
val A;val B
val A;val B
val A;val B
val A;val B
val A;val B
val A;val B
val A;val B
val A;val B
val A;val B
val A;val B
val A;val B
val A;val B
val A;val B
val A;val B
val A;val B
val A;val B
val A;val B
val A;val B
val A;val B
val A;val B
val A;val B
val A;val B
val A;val B
val A;val B
val A;val B
val A;val B
val A;val B
val A;val B
val A;val B
val A;val B
val A;val B
val A;val B
val A;val B
val A;val B
val A;val B
val A;val B
val A;val B
val A;val B
val A;val B
val A;val B
val A;val B
val A;val B
val A;val B
val A;val B
val A;val B
val A;val B
val A;val B
val A;val B
val A;val B
val A;val B
val A;val B
val A;val B
val A;val B
val A;val B
val A;val B
val A;val B
val A;val B
val A;val B
val A;val B
val A;val B
val A;val B
val A;val B
val A;val B
val A;val B
val A;val B
val A;val B
val A;val B
val A;val B
val A;val B
val A;val B
val A;val B
val A;val B
val A;val B
val A;val B
val A;val B
val A;val B
val A;val B
val A;val B
val A;val B
val A;val B
val A;val B
val A;val B
val A;val B
val A;val B
val A;val B
val A;val B
val A;val B
val A;val B
val A;val B
val A;val B
val A;val B
val A;val B
val A;val B
val A;val B
val A;val B
val A;val B
val A;val B
val A;val B
val A;val B
val A;val B
val A;val B
val A;val B
val A;val B
val A;val B
val A;val B
val A;val B
val A;val B
val A;val B
val A;val B
val A;val B
val A;val B
val A;val B
val A;val B
val A;val B
val A;val B
val A;val B
val A;val B
val A;val B
val A;val B
val A;val B
val A;val B
val A;val B
val A;val B
val A;val B
val A;val B
val A;val B
val A;val B
val A;val B
val A;val B
val A;val B
val A;val B
val A;val B
val A;val B
val A;val B
val A;val B
val A;val B
val A;val B
val A;val B
val A;val B
val A;val B
val A;val B
val A;val B
val A;val B
val A;val B
val A;val B
val A;val B
val A;val B
val A;val B
val A;val B
val A;val B
val A;val B
val A;val B
val A;val B
val A;val B
val A;val B
val A;val B
val A;val B
val A;val B
val A;val B
val A;val B
val A;val B
val A;val B
val A;val B
val A;val B
val A;val B
val A;val B
val A;val B
val A;val B
val A;val B
val A;val B
val A;val B
val A;val B
val A;val B
val A;val B
val A;val B
val A;val B
val A;val B
val A;val B
val A;val B
val A;val B
val A;val B
val A;val B
val A;val B
val A;val B
val A;val B
val A;val B
val A;val B
val A;val B
val A;val B
val A;val B
val A;val B
val A;val B
val A;val B
val A;val B
val A;val B
val A;val B
val A;val B
val A;val B
val A;val B
val A;val B
val A;val B
val A;val B
val A;val B
val A;val B
val A;val B
val A;val B
val A;val B
val A;val B
val A;val B
val A;val B
val A;val B
val A;val B
val A;val B
val A;val B
val A;val B
val A;val B
val A;val B
val A;val B
val A;val B
val A;val B
val A;val B
val A;val B
val A;val B
val A;val B
val A;val B
val A;val B
val A;val B
val A;val B
val A;val B
val A;val B
val A;val B
val A;val B
val A;val B
val A;val B
val A;val B
val A;val B
val A;val B
val A;val B
val A;val B
val A;val B
val A;val B
val A;val B
val A;val B
val A;val B
val A;val B
val A;val B
val A;val B
val A;val B
val A;val B
val A;val B
val A;val B
val A;val B
val A;val B
val A;val B
val A;val B
val A;val B
val A;val B
val A;val B
val A;val B
val A;val B
val A;val B
val A;val B
val A;val B
val A;val B
val A;val B
val A;val B
val A;val B
val A;val B
val A;val B
val A;val B
val A;val B
val A;val B
val A;val B
val A;val B
val A;val B
val A;val B
val A;val B
val A;val B
val A;val B
val A;val B
val A;val B
val A;val B
val A;val B
val A;val B
val A;val B
val A;val B
val A;val B
val A;val B
val A;val B
val A;val B
val A;val B
val A;val B
val A;val B
val A;val B
val A;val B
val A;val B
val A;val B
val A;val B
val A;val B
val A;val B
val A;val B
val A;val B
val A;val B
val A;val B
val A;val B
val A;val B
val A;val B
val A;val B
val A;val B
val A;val B
val A;val B
val A;val B
val A;val B
val A;val B
val A;val B
val A;val B
val A;val B
val A;val B
val A;val B
val A;val B
val A;val B
val A;val B
val A;val B
val A;val B
val A;val B
val A;val B
val A;val B
val A;val B
val A;val B
val A;val B
val A;val B
val A;val B
val A;val B
val A;val B
val A;val B
val A;val B
val A;val B
val A;val B
val A;val B
val A;val B
val A;val B
val A;val B
val A;val B
val A;val B
val A;val B
val A;val B
val A;val B
val A;val B
val A;val B
val A;val B
val A;val B
val A;val B
val A;val B
val A;val B
val A;val B
val A;val B
val A;val B
val A;val B
val A;val B
val A;val B
val A;val B
val A;val B
val A;val B
val A;val B
val A;val B
val A;val B
val A;val B
val A;val B
val A;val B
val A;val B
val A;val B
val A;val B
val A;val B
val A;val B
val A;val B
val A;val B
val A;val B
val A;val B
val A;val B
val A;val B
val A;val B
val A;val B
val A;val B
val A;val B
val A;val B
val A;val B
val A;val B
val A;val B
val A;val B
val A;val B
val A;val B
val A;val B
val A;val B
val A;val B
val A;val B
val A;val B
val A;val B
val A;val B
val A;val B
val A;val B
val A;val B
val A;val B
val A;val B
val A;val B
val A;val B
val A;val B
val A;val B
val A;val B
val A;val B
val A;val B
val A;val B
val A;val B
val A;val B
val A;val B
val A;val B
val A;val B
val A;val B
val A;val B
val A;val B
val A;val B
val A;val B
val A;val B
val A;val B
val A;val B
val A;val B
val A;val B
val A;val B
val A;val B
val A;val B
val A;val B
val A;val B
val A;val B
val A;val B
val A;val B
val A;val B
val A;val B
val A;val B
val A;val B
val A;val B
val A;val B
val A;val B
val A;val B
val A;val B
val A;val B
val A;val B
val A;val B
val A;val B
val A;val B
val A;val B
val A;val B
val A;val B
val A;val B
val A;val B
val A;val B
val A;val B
val A;val B
val A;val B
val A;val B
val A;val B
val A;val B
val A;val B
val A;val B
val A;val B
val A;val B
val A;val B
val A;val B
val A;val B
val A;val B
val A;val B
val A;val B
val A;val B
val A;val B
val A;val B
val A;val B
val A;val B
val A;val B
val A;val B
val A;val B
val A;val B
val A;val B
val A;val B
val A;val B
val A;val B
val A;val B
val A;val B
val A;val B
val A;val B
val A;val B
val A;val B
val A;val B
val A;val B
val A;val B
val A;val B
val A;val B
val A;val B
val A;val B
val A;val B
val A;val B
val A;val B
val A;val B
val A;val B
val A;val B
val A;val B
val A;val B
val A;val B
val A;val B
val A;val B
val A;val B
val A;val B
val A;val B
val A;val B
val A;val B
val A;val B
val A;val B
val A;val B
val A;val B
val A;val B
val A;val B
val A;val B
val A;val B
val A;val B
val A;val B
val A;val B
val A;val B
val A;val B
val A;val B
val A;val B
val A;val B
val A;val B
val A;val B
val A;val B
val A;val B
val A;val B
val A;val B
val A;val B
val A;val B
val A;val B
val A;val B
val A;val B
val A;val B
val A;val B
val A;val B
val A;val B
val A;val B
val A;val B
val A;val B
val A;val B
val A;val B
val A;val B
val A;val B
val A;val B
val A;val B
val A;val B
val A;val B
val A;val B
val A;val B
val A;val B
val A;val B
val A;val B
val A;val B
val A;val B
val A;val B
val A;val B
val A;val B
val A;val B
val A;val B
val A;val B
val A;val B
val A;val B
val A;val B
val A;val B
val A;val B
val A;val B
val A;val B
val A;val B
val A;val B
val A;val B
val A;val B
val A;val B
val A;val B
val A;val B
val A;val B
val A;val B
val A;val B
val A;val B
val A;val B
val A;val B
val A;val B
val A;val B
val A;val B
val A;val B
val A;val B
val A;val B
val A;val B
val A;val B
val A;val B
val A;val B
val A;val B
val A;val B
val A;val B
val A;val B
val A;val B
val A;val B
val A;val B
val A;val B
val A;val B
val A;val B
val A;val B
val A;val B
val A;val B
val A;val B
val A;val B
val A;val B
val A;val B
val A;val B
val A;val B
val A;val B
val A;val B
val A;val B
val A;val B
val A;val B
val A;val B
val A;val B
val A;val B
val A;val B
val A;val B
val A;val B
val A;val B
val A;val B
val A;val B
val A;val B
val A;val B
val A;val B
val A;val B
val A;val B
val A;val B
val A;val B
val A;val B
val A;val B
val A;val B
val A;val B
val A;val B
val A;val B
val A;val B
val A;val B
val A;val B
val A;val B
val A;val B
val A;val B
val A;val B
val A;val B
val A;val B
val A;val B
val A;val B
val A;val B
val A;val B
val A;val B
val A;val B
val A;val B
val A;val B
val A;val B
val A;val B
val A;val B
val A;val B
val A;val B
val A;val B
val A;val B
val A;val B
val A;val B
val A;val B
val A;val B
val A;val B
val A;val B
val A;val B
val A;val B
val A;val B
val A;val B
val A;val B
val A;val B
val A;val B
val A;val B
val A;val B
val A;val B
val A;val B
val A;val B
val A;val B
val A;val B
val A;val B
val A;val B
val A;val B
val A;val B
val A;val B
val A;val B
val A;val B
val A;val B
val A;val B
val A;val B
val A;val B
val A;val B
val A;val B
val A;val B
val A;val B
val A;val B
val A;val B
val A;val B
val A;val B
val A;val B
val A;val B
val A;val B
val A;val B
val A;val B
val A;val B
val A;val B
val A;val B
val A;val B
val A;val B
val A;val B
val A;val B
val A;val B
val A;val B
val A;val B
val A;val B
val A;val B
val A;val B
val A;val B
val A;val B
val A;val B
val A;val B
val A;val B
val A;val B
val A;val B
val A;val B
val A;val B
val A;val B
val A;val B
val A;val B
val A;val B
val A;val B
val A;val B
val A;val B
val A;val B
val A;val B
val A;val B
val A;val B
val A;val B
val A;val B
val A;val B
val A;val B
val A;val B
val A;val B
val A;val B
val A;val B
val A;val B
val A;val B
val A;val B
val A;val B
val A;val B
val A;val B
val A;val B
val A;val B
val A;val B
val A;val B
val A;val B
val A;val B
val A;val B
val A;val B
val A;val B
val A;val B
val A;val B
val A;val B
val A;val B
val A;val B
val A;val B
val A;val B
val A;val B
val A;val B
val A;val B
val A;val B
val A;val B
val A;val B
val A;val B
val A;val B
val A;val B
val A;val B
val A;val B
val A;val B
val A;val B
val A;val B
val A;val B
val A;val B
val A;val B
val A;val B
val A;val B
val A;val B
val A;val B
val A;val B
val A;val B
val A;val B
val A;val B
val A;val B
val A;val B
val A;val B
val A;val B
val A;val B
val A;val B
val A;val B
val A;val B
val A;val B
val A;val B
val A;val B
val A;val B
val A;val B
val A;val B
val A;val B
val A;val B
val A;val B
val A;val B
val A;val B
val A;val B
val A;val B
val A;val B
val A;val B
val A;val B
val A;val B
val A;val B
val A;val B
val A;val B
val A;val B
val A;val B
val A;val B
val A;val B
val A;val B
val A;val B
val A;val B
val A;val B
val A;val B
val A;val B
val A;val B
val A;val B
val A;val B
val A;val B
val A;val B
val A;val B
val A;val B
val A;val B
val A;val B
val A;val B
val A;val B
val A;val B
val A;val B
val A;val B
val A;val B
val A;val B
val A;val B
val A;val B
val A;val B
val A;val B
val A;val B
val A;val B
val A;val B
val A;val B
val A;val B
val A;val B
val A;val B
val A;val B
val A;val B
val A;val B
val A;val B
val A;val B
val A;val B
val A;val B
val A;val B
val A;val B
val A;val B
val A;val B
val A;val B
val A;val B
val A;val B
val A;val B
val A;val B
val A;val B
val A;val B
val A;val B
val A;val B
val A;val B
val A;val B
val A;val B
val A;val B
val A;val B
val A;val B
val A;val B
val A;val B
val A;val B
val A;val B
val A;val B
val A;val B
val A;val B
val A;val B
val A;val B
val A;val B
val A;val B
val A;val B
val A;val B
val A;val B
val A;val B
val A;val B
val A;val B
val A;val B
val A;val B
val A;val B
val A;val B
val A;val B
val A;val B
val A;val B
val A;val B
val A;val B
val A;val B
val A;val B
val A;val B
val A;val B
val A;val B
val A;val B
val A;val B
val A;val B
val A;val B
val A;val B
val A;val B
val A;val B
val A;val B
val A;val B
val A;val B
val A;val B
val A;val B
val A;val B
val A;val B
val A;val B
val A;val B
val A;val B
val A;val B
val A;val B
val A;val B
val A;val B
val A;val B
val A;val B
val A;val B
val A;val B
val A;val B
val A;val B
val A;val B
val A;val B
val A;val B
val A;val B
val A;val B
val A;val B
val A;val B
val A;val B
val A;val B
val A;val B
val A;val B
val A;val B
val A;val B
val A;val B
val A;val B
val A;val B
val A;val B
val A;val B
val A;val B
val A;val B
val A;val B
val A;val B
val A;val B
val A;val B
val A;val B
val A;val B
val A;val B
val A;val B
val A;val B
val A;val B
val A;val B
val A;val B
val A;val B
val A;val B
val A;val B
val A;val B
val A;val B
val A;val B
val A;val B
val A;val B
val A;val B
val A;val B
val A;val B
val A;val B
val A;val B
val A;val B
val A;val B
val A;val B
val A;val B
val A;val B
val A;val B
val A;val B
val A;val B
val A;val B
val A;val B
val A;val B
val A;val B
val A;val B
val A;val B
val A;val B
val A;val B
val A;val B
val A;val B
val A;val B
val A;val B
val A;val B
val A;val B
val A;val B
val A;val B
val A;val B
val A;val B
val A;val B
val A;val B
val A;val B
val A;val B
val A;val B
val A;val B
val A;val B
val A;val B
val A;val B
val A;val B
val A;val B
val A;val B
val A;val B
val A;val B
val A;val B
val A;val B
val A;val B
val A;val B
val A;val B
val A;val B
val A;val B
val A;val B
val A;val B
val A;val B
val A;val B
val A;val B
val A;val B
val A;val B
val A;val B
val A;val B
val A;val B
val A;val B
val A;val B
val A;val B
val A;val B
val A;val B
val A;val B
val A;val B
val A;val B
val A;val B
val A;val B
val A;val B
val A;val B
val A;val B
val A;val B
val A;val B
val A;val B
val A;val B
val A;val B
val A;val B
val A;val B
val A;val B
val A;val B
val A;val B
val A;val B
val A;val B
val A;val B
val A;val B
val A;val B
val A;val B
val A;val B
val A;val B
val A;val B
val A;val B
val A;val B
val A;val B
val A;val B
val A;val B
val A;val B
val A;val B
val A;val B
val A;val B
val A;val B
val A;val B
val A;val B
val A;val B
val A;val B
val A;val B
val A;val B
val A;val B
val A;val B
val A;val B
val A;val B
val A;val B
val A;val B
val A;val B
val A;val B
val A;val B
val A;val B
val A;val B
val A;val B
val A;val B
val A;val B
val A;val B
val A;val B
val A;val B
val A;val B
val A;val B
val A;val B
val A;val B
val A;val B
val A;val B
val A;val B
val A;val B
val A;val B
val A;val B
val A;val B
val A;val B
val A;val B
val A;val B
val A;val B
val A;val B
val A;val B
val A;val B
val A;val B
val A;val B
val A;val B
val A;val B
val A;val B
val A;val B
val A;val B
val A;val B
val A;val B
val A;val B
val A;val B
val A;val B
val A;val B
val A;val B
val A;val B
val A;val B
val A;val B
val A;val B
val A;val B
val A;val B
val A;val B
val A;val B
val A;val B
val A;val B
val A;val B
val A;val B
val A;val B
val A;val B
val A;val B
val A;val B
val A;val B
val A;val B
val A;val B
val A;val B
val A;val B
val A;val B
val A;val B
val A;val B
val A;val B
val A;val B
val A;val B
val A;val B
val A;val B
val A;val B
val A;val B
val A;val B
val A;val B
val A;val B
val A;val B
val A;val B
val A;val B
val A;val B
val A;val B
val A;val B
val A;val B
val A;val B
val A;val B
val A;val B
val A;val B
val A;val B
val A;val B
val A;val B
val A;val B
val A;val B
val A;val B
val A;val B
val A;val B
val A;val B
val A;val B
val A;val B
val A;val B
val A;val B
val A;val B
val A;val B
val A;val B
val A;val B
val A;val B
val A;val B
val A;val B
val A;val B
val A;val B
val A;val B
val A;val B
val A;val B
val A;val B
val A;val B
val A;val B
val A;val B
val A;val B
val A;val B
val A;val B
val A;val B
val A;val B
val A;val B
val A;val B
val A;val B
val A;val B
val A;val B
val A;val B
val A;val B
val A;val B
val A;val B
val A;val B
val A;val B
val A;val B
val A;val B
val A;val B
val A;val B
val A;val B
val A;val B
val A;val B
val A;val B
val A;val B
val A;val B
val A;val B
val A;val B
val A;val B
val A;val B
val A;val B
val A;val B
val A;val B
val A;val B
val A;val B
val A;val B
val A;val B
val A;val B
val A;val B
val A;val B
val A;val B
val A;val B
val A;val B
val A;val B
val A;val B
val A;val B
val A;val B
val A;val B
val A;val B
val A;val B
val A;val B
val A;val B
val A;val B
val A;val B
val A;val B
val A;val B
val A;val B
val A;val B
val A;val B
val A;val B
val A;val B
val A;val B
val A;val B
val A;val B
val A;val B
val A;val B
val A;val B
val A;val B
val A;val B
val A;val B
val A;val B
val A;val B
val A;val B
val A;val B
val A;val B
val A;val B
val A;val B
val A;val B
val A;val B
val A;val B
val A;val B
val A;val B
val A;val B
val A;val B
val A;val B
val A;val B
val A;val B
val A;val B
val A;val B
val A;val B
val A;val B
val A;val B
val A;val B
val A;val B
val A;val B
val A;val B
val A;val B
val A;val B
val A;val B
val A;val B
val A;val B
val A;val B
val A;val B
val A;val B
val A;val B
val A;val B
val A;val B
val A;val B
val A;val B
val A;val B
val A;val B
val A;val B
val A;val B
val A;val B
val A;val B
val A;val B
val A;val B
val A;val B
val A;val B
val A;val B
val A;val B
val A;val B
val A;val B
val A;val B
val A;val B
val A;val B
val A;val B
val A;val B
val A;val B
val A;val B
val A;val B
val A;val B
val A;val B
val A;val B
val A;val B
val A;val B
val A;val B
val A;val B
val A;val B
val A;val B
val A;val B
val A;val B
val A;val B
val A;val B
val A;val B
val A;val B
val A;val B
val A;val B
val A;val B
val A;val B
val A;val B
val A;val B
val A;val B
val A;val B
val A;val B
val A;val B
val A;val B
val A;val B
val A;val B
val A;val B
val A;val B
val A;val B
val A;val B
val A;val B
val A;val B
val A;val B
val A;val B
val A;val B
val A;val B
val A;val B
val A;val B
val A;val B
val A;val B
val A;val B
val A;val B
val A;val B
val A;val B
val A;val B
val A;val B
val A;val B
val A;val B
val A;val B
val A;val B
val A;val B
val A;val B
val A;val B
val A;val B
val A;val B
val A;val B
val A;val B
val A;val B
val A;val B
val A;val B
val A;val B
val A;val B
val A;val B
val A;val B
val A;val B
val A;val B
val A;val B
val A;val B
val A;val B
val A;val B
val A;val B
val A;val B
val A;val B
val A;val B
val A;val B
val A;val B
val A;val B
val A;val B
val A;val B
val A;val B
val A;val B
val A;val B
val A;val B
val A;val B
val A;val B
val A;val B
val A;val B
val A;val B
val A;val B
val A;val B
val A;val B
val A;val B
val A;val B
val A;val B
val A;val B
val A;val B
val A;val B
val A;val B
val A;val B
val A;val B
val A;val B
val A;val B
val A;val B
val A;val B
val A;val B
val A;val B
val A;val B
val A;val B
val A;val B
val A;val B
val A;val B
val A;val B
val A;val B
val A;val B
val A;val B
val A;val B
val A;val B
val A;val B
val A;val B
val A;val B
val A;val B
val A;val B
val A;val B
val A;val B
val A;val B
val A;val B
val A;val B
val A;val B
val A;val B
val A;val B
val A;val B
val A;val B
val A;val B
val A;val B
val A;val B
val A;val B
val A;val B
val A;val B
val A;val B
val A;val B
val A;val B
val A;val B
val A;val B
val A;val B
val A;val B
val A;val B
val A;val B
val A;val B
val A;val B
val A;val B
val A;val B
val A;val B
val A;val B
val A;val B
val A;val B
val A;val B
val A;val B
val A;val B
val A;val B
val A;val B
val A;val B
val A;val B
val A;val B
val A;val B
val A;val B
val A;val B
val A;val B
val A;val B
val A;val B
val A;val B
val A;val B
val A;val B
val A;val B
val A;val B
val A;val B
val A;val B
val A;val B
val A;val B
val A;val B
val A;val B
val A;val B
val A;val B
val A;val B
val A;val B
val A;val B
val A;val B
val A;val B
val A;val B
val A;val B
val A;val B
